Date,Price,USD_Index,VIX,Brent_Oil
1990-01-01,527,92.82,,20.06
1990-01-02,5205,91.94416666666666,,20.06
1990-01-03,5021,91.06833333333333,,20.06
1990-01-04,5015,90.1925,,20.06
1990-01-05,5151,89.31666666666666,,20.06
1990-01-06,4963,88.44083333333333,,20.06
1990-01-07,4858,87.565,,20.06
1990-01-08,4828,86.68916666666667,,20.06
1990-01-09,4832,85.81333333333333,,20.06
1990-01-10,42,84.9375,,20.06
1990-01-11,4178,84.06166666666667,,20.06
1990-01-12,4247,83.18583333333333,,20.06
1991-01-01,3873,82.31,20.91,20.06
1991-01-02,3773,82.81833333333333,20.6175,19.90083333333333
1991-01-03,3892,83.32666666666667,20.325,19.741666666666667
1991-01-04,4015,83.83500000000001,20.0325,19.5825
1991-01-05,4142,84.34333333333333,19.74,19.423333333333332
1991-01-06,4475,84.85166666666666,19.447499999999998,19.264166666666664
1991-01-07,4101,85.36,19.155,19.104999999999997
1991-01-08,3845,85.86833333333334,18.862499999999997,18.945833333333333
1991-01-09,4173,86.37666666666667,18.57,18.786666666666665
1991-01-10,4125,86.88499999999999,18.2775,18.627499999999998
1991-01-11,4093,87.39333333333333,17.985,18.468333333333334
1991-01-12,3912,87.90166666666667,17.6925,18.309166666666666
1992-01-01,4195,88.41,17.4,18.15
1992-01-02,4135,88.82333333333332,16.985,18.176666666666666
1992-01-03,4159,89.23666666666666,16.57,18.203333333333333
1992-01-04,4015,89.65,16.154999999999998,18.229999999999997
1992-01-05,404,90.06333333333333,15.739999999999998,18.256666666666664
1992-01-06,4058,90.47666666666666,15.325,18.28333333333333
1992-01-07,3958,90.89,14.91,18.31
1992-01-08,3748,91.30333333333334,14.495,18.336666666666666
1992-01-09,3762,91.71666666666667,14.08,18.363333333333333
1992-01-10,3775,92.13,13.665,18.39
1992-01-11,3762,92.54333333333334,13.25,18.416666666666664
1992-01-12,369,92.95666666666668,12.835,18.44333333333333
1993-01-01,3672,93.37,12.42,18.47
1993-01-02,36,93.58666666666667,12.270833333333334,18.11583333333333
1993-01-03,3917,93.80333333333334,12.121666666666666,17.761666666666667
1993-01-04,4417,94.02000000000001,11.9725,17.4075
1993-01-05,4638,94.23666666666666,11.823333333333334,17.053333333333335
1993-01-06,4587,94.45333333333333,11.674166666666666,16.699166666666667
1993-01-07,5235,94.67,11.525,16.345
1993-01-08,4874,94.88666666666667,11.375833333333334,15.990833333333333
1993-01-09,4082,95.10333333333334,11.226666666666667,15.636666666666667
1993-01-10,4379,95.32,11.0775,15.2825
1993-01-11,445,95.53666666666666,10.928333333333335,14.928333333333335
1993-01-12,5117,95.75333333333333,10.779166666666667,14.574166666666667
1994-01-01,5147,95.97,10.63,14.22
1994-01-02,539,95.30833333333334,10.740833333333335,14.435
1994-01-03,5805,94.64666666666666,10.851666666666667,14.65
1994-01-04,5383,93.985,10.9625,14.865
1994-01-05,5579,93.32333333333334,11.073333333333334,15.08
1994-01-06,5425,92.66166666666666,11.184166666666668,15.295
1994-01-07,5356,92.0,11.295000000000002,15.510000000000002
1994-01-08,5487,91.33833333333334,11.405833333333334,15.725000000000001
1994-01-09,5657,90.67666666666666,11.516666666666667,15.940000000000001
1994-01-10,5288,90.015,11.627500000000001,16.155
1994-01-11,4943,89.35333333333334,11.738333333333333,16.37
1994-01-12,4917,88.69166666666666,11.849166666666667,16.585
1995-01-01,4689,88.03,11.96,16.8
1995-01-02,4565,87.98,12.0075,16.776666666666667
1995-01-03,5336,87.93,12.055,16.753333333333334
1995-01-04,5783,87.88,12.102500000000001,16.73
1995-01-05,5338,87.83,12.15,16.706666666666667
1995-01-06,5065,87.78,12.1975,16.683333333333334
1995-01-07,5077,87.73,12.245000000000001,16.66
1995-01-08,5361,87.68,12.2925,16.636666666666667
1995-01-09,5485,87.63000000000001,12.34,16.613333333333333
1995-01-10,5377,87.58000000000001,12.3875,16.59
1995-01-11,525,87.53,12.434999999999999,16.566666666666666
1995-01-12,5207,87.48,12.4825,16.543333333333333
1996-01-01,5611,87.43,12.53,16.52
1996-01-02,5545,87.8875,13.108333333333333,17.02
1996-01-03,5563,88.345,13.686666666666666,17.52
1996-01-04,534,88.80250000000001,14.264999999999999,18.02
1996-01-05,543,89.26,14.843333333333332,18.52
1996-01-06,5035,89.7175,15.421666666666665,19.02
1996-01-07,5173,90.17500000000001,16.0,19.52
1996-01-08,525,90.63250000000001,16.578333333333333,20.02
1996-01-09,4877,91.09,17.156666666666666,20.52
1996-01-10,4828,91.5475,17.735,21.02
1996-01-11,476,92.005,18.313333333333333,21.52
1996-01-12,479,92.4625,18.891666666666666,22.02
1997-01-01,4943,92.92,19.47,22.52
1997-01-02,536,93.56666666666666,19.636666666666667,21.973333333333333
1997-01-03,51,94.21333333333334,19.80333333333333,21.426666666666666
1997-01-04,4693,94.86,19.97,20.88
1997-01-05,4698,95.50666666666667,20.136666666666667,20.333333333333332
1997-01-06,4648,96.15333333333334,20.30333333333333,19.78666666666667
1997-01-07,4527,96.80000000000001,20.47,19.240000000000002
1997-01-08,4676,97.44666666666667,20.636666666666667,18.693333333333335
1997-01-09,5232,98.09333333333333,20.80333333333333,18.14666666666667
1997-01-10,4754,98.74000000000001,20.97,17.6
1997-01-11,5273,99.38666666666667,21.136666666666667,17.053333333333335
1997-01-12,5988,100.03333333333335,21.30333333333333,16.506666666666668
1998-01-01,6125,100.68,21.47,15.96
1998-01-02,648,100.29333333333334,21.868333333333332,15.575833333333334
1998-01-03,6466,99.90666666666667,22.266666666666666,15.191666666666666
1998-01-04,623,99.52000000000001,22.665,14.807500000000001
1998-01-05,5099,99.13333333333334,23.063333333333333,14.423333333333334
1998-01-06,5535,98.74666666666667,23.461666666666666,14.039166666666667
1998-01-07,5473,98.36000000000001,23.86,13.655000000000001
1998-01-08,4658,97.97333333333334,24.258333333333333,13.270833333333334
1998-01-09,536,97.58666666666667,24.656666666666666,12.886666666666667
1998-01-10,5064,97.2,25.055,12.5025
1998-01-11,4865,96.81333333333333,25.453333333333333,12.118333333333332
1998-01-12,502,96.42666666666668,25.851666666666667,11.734166666666667
1999-01-01,5252,96.04,26.25,11.35
1999-01-02,563,96.78416666666668,26.141666666666666,12.568333333333333
1999-01-03,4982,97.52833333333334,26.03333333333333,13.786666666666665
1999-01-04,543,98.27250000000001,25.925,15.004999999999999
1999-01-05,491,99.01666666666667,25.816666666666666,16.223333333333333
1999-01-06,5287,99.76083333333334,25.708333333333332,17.441666666666666
1999-01-07,549,100.505,25.6,18.66
1999-01-08,5188,101.24916666666667,25.491666666666667,19.87833333333333
1999-01-09,5615,101.99333333333334,25.383333333333333,21.096666666666664
1999-01-10,5177,102.7375,25.275,22.314999999999998
1999-01-11,5236,103.48166666666667,25.166666666666664,23.53333333333333
1999-01-12,5453,104.22583333333333,25.058333333333334,24.751666666666665
2000-01-01,5321,104.97,24.95,25.97
2000-01-02,5108,105.43333333333334,24.70583333333333,26.0275
2000-01-03,5062,105.89666666666666,24.461666666666666,26.085
2000-01-04,5015,106.36,24.2175,26.1425
2000-01-05,4987,106.82333333333334,23.973333333333333,26.2
2000-01-06,5083,107.28666666666666,23.729166666666664,26.2575
2000-01-07,5091,107.75,23.485,26.314999999999998
2000-01-08,5022,108.21333333333334,23.240833333333335,26.3725
2000-01-09,4948,108.67666666666666,22.996666666666666,26.43
2000-01-10,4796,109.14,22.752499999999998,26.4875
2000-01-11,4733,109.60333333333334,22.508333333333333,26.545
2000-01-12,4635,110.06666666666666,22.264166666666668,26.6025
2001-01-01,4858,110.53,22.02,26.66
2001-01-02,4515,111.36833333333334,21.9425,26.036666666666665
2001-01-03,4315,112.20666666666666,21.865,25.413333333333334
2001-01-04,4358,113.045,21.7875,24.79
2001-01-05,4428,113.88333333333334,21.71,24.166666666666668
2001-01-06,4327,114.72166666666666,21.6325,23.543333333333333
2001-01-07,4243,115.56,21.555,22.92
2001-01-08,4193,116.39833333333334,21.4775,22.296666666666667
2001-01-09,4675,117.23666666666666,21.4,21.673333333333332
2001-01-10,4239,118.075,21.322499999999998,21.05
2001-01-11,4157,118.91333333333334,21.245,20.426666666666666
2001-01-12,4588,119.75166666666667,21.1675,19.803333333333335
2002-01-01,423,120.59,21.09,19.18
2002-01-02,4517,118.88583333333334,21.93,20.173333333333332
2002-01-03,4656,117.18166666666667,22.77,21.166666666666668
2002-01-04,4555,115.4775,23.61,22.16
2002-01-05,5052,113.77333333333334,24.45,23.153333333333332
2002-01-06,4855,112.06916666666667,25.29,24.14666666666667
2002-01-07,4612,110.36500000000001,26.130000000000003,25.14
2002-01-08,4452,108.66083333333333,26.970000000000002,26.133333333333333
2002-01-09,4548,106.95666666666666,27.810000000000002,27.12666666666667
2002-01-10,4514,105.2525,28.650000000000002,28.12
2002-01-11,4427,103.54833333333333,29.490000000000002,29.113333333333337
2002-01-12,4812,101.84416666666667,30.330000000000002,30.10666666666667
2003-01-01,4866,100.14,31.17,31.1
2003-01-02,4592,99.08,29.958333333333336,30.94
2003-01-03,4475,98.02,28.74666666666667,30.78
2003-01-04,4652,96.96000000000001,27.535,30.62
2003-01-05,4539,95.9,26.323333333333334,30.46
2003-01-06,4564,94.84,25.111666666666668,30.3
2003-01-07,5123,93.78,23.9,30.14
2003-01-08,5122,92.72,22.688333333333333,29.98
2003-01-09,5142,91.66,21.476666666666667,29.82
2003-01-10,5068,90.6,20.265,29.66
2003-01-11,5373,89.54,19.053333333333335,29.5
2003-01-12,5965,88.48,17.841666666666665,29.34
2004-01-01,6256,87.42,16.63,29.18
2004-01-02,6715,87.105,16.3125,30.575
2004-01-03,795,86.79,15.995,31.97
2004-01-04,6079,86.475,15.677499999999998,33.365
2004-01-05,6118,86.16,15.36,34.76
2004-01-06,5795,85.845,15.0425,36.155
2004-01-07,6575,85.53,14.725,37.55
2004-01-08,68,85.215,14.407499999999999,38.945
2004-01-09,6938,84.9,14.09,40.34
2004-01-10,732,84.58500000000001,13.7725,41.735
2004-01-11,7758,84.27,13.455,43.13
2004-01-12,6837,83.955,13.1375,44.525000000000006
2005-01-01,6762,83.64,12.82,45.92
2005-01-02,7395,84.07083333333334,12.830833333333334,47.5925
2005-01-03,721,84.50166666666667,12.841666666666667,49.265
2005-01-04,694,84.9325,12.8525,50.9375
2005-01-05,7472,85.36333333333333,12.863333333333333,52.61
2005-01-06,7075,85.79416666666667,12.874166666666667,54.2825
2005-01-07,7296,86.225,12.885,55.955
2005-01-08,6835,86.65583333333333,12.895833333333332,57.6275
2005-01-09,7512,87.08666666666667,12.906666666666666,59.3
2005-01-10,7598,87.5175,12.9175,60.9725
2005-01-11,835,87.94833333333334,12.928333333333333,62.644999999999996
2005-01-12,889,88.37916666666666,12.939166666666665,64.3175
2006-01-01,9915,88.81,12.95,65.99
2006-01-02,9805,88.44500000000001,12.739166666666666,65.27416666666666
2006-01-03,1156,88.08,12.528333333333332,64.55833333333332
2006-01-04,1363,87.715,12.317499999999999,63.842499999999994
2006-01-05,12505,87.35000000000001,12.106666666666666,63.126666666666665
2006-01-06,1092,86.985,11.895833333333332,62.41083333333333
2006-01-07,1139,86.62,11.684999999999999,61.69499999999999
2006-01-08,13002,86.25500000000001,11.474166666666665,60.979166666666664
2006-01-09,1154,85.89,11.263333333333334,60.26333333333333
2006-01-10,12322,85.525,11.0525,59.5475
2006-01-11,14052,85.16000000000001,10.841666666666667,58.83166666666666
2006-01-12,12935,84.795,10.630833333333333,58.115833333333335
2007-01-01,13632,84.43,10.42,57.4
2007-01-02,14235,83.66791666666667,11.735,60.30083333333333
2007-01-03,1351,82.90583333333333,13.05,63.20166666666667
2007-01-04,13575,82.14375000000001,14.365,66.10249999999999
2007-01-05,13538,81.38166666666667,15.68,69.00333333333333
2007-01-06,12473,80.61958333333334,16.994999999999997,71.90416666666667
2007-01-07,13072,79.8575,18.31,74.80499999999999
2007-01-08,12162,79.09541666666667,19.625,77.70583333333333
2007-01-09,1392,78.33333333333333,20.939999999999998,80.60666666666665
2007-01-10,14494,77.57124999999999,22.255,83.5075
2007-01-11,14097,76.80916666666667,23.57,86.40833333333333
2007-01-12,1492,76.04708333333333,24.884999999999998,89.30916666666667
2008-01-01,17041,75.285,26.2,92.21
2008-01-02,19915,76.21625,27.753333333333334,88.34916666666666
2008-01-03,17355,77.1475,29.306666666666665,84.48833333333333
2008-01-04,16593,78.07875,30.86,80.6275
2008-01-05,16913,79.00999999999999,32.413333333333334,76.76666666666667
2008-01-06,1751,79.94125,33.96666666666667,72.90583333333333
2008-01-07,17841,80.8725,35.52,69.045
2008-01-08,13671,81.80375,37.07333333333334,65.18416666666667
2008-01-09,12275,82.735,38.626666666666665,61.32333333333334
2008-01-10,9733,83.66624999999999,40.18000000000001,57.4625
2008-01-11,10208,84.5975,41.733333333333334,53.60166666666667
2008-01-12,11295,85.52875,43.28666666666667,49.740833333333335
2009-01-01,12575,86.46,44.84,45.88
2009-01-02,1311,85.8925,43.155,48.01166666666667
2009-01-03,12999,85.32499999999999,41.470000000000006,50.14333333333333
2009-01-04,12325,84.7575,39.785000000000004,52.275
2009-01-05,15622,84.19,38.1,54.406666666666666
2009-01-06,136,83.6225,36.415000000000006,56.538333333333334
2009-01-07,1396,83.055,34.730000000000004,58.67
2009-01-08,14914,82.4875,33.045,60.80166666666666
2009-01-09,16658,81.92,31.36,62.93333333333333
2009-01-10,16265,81.3525,29.675,65.065
2009-01-11,18517,80.785,27.990000000000002,67.19666666666666
2009-01-12,16845,80.2175,26.305,69.32833333333332
2010-01-01,162,79.65,24.62,71.46
2010-01-02,16521,79.50125,24.195833333333333,73.9225
2010-01-03,1754,79.3525,23.77166666666667,76.38499999999999
2010-01-04,18639,79.20375,23.3475,78.8475
2010-01-05,1844,79.055,22.923333333333336,81.31
2010-01-06,18708,78.90625,22.499166666666667,83.7725
2010-01-07,1802,78.7575,22.075000000000003,86.235
2010-01-08,19418,78.60875,21.650833333333335,88.69749999999999
2010-01-09,21821,78.46,21.226666666666667,91.16
2010-01-10,24585,78.31125,20.802500000000002,93.6225
2010-01-11,28199,78.1625,20.378333333333334,96.08500000000001
2010-01-12,30937,78.01375,19.95416666666667,98.5475
2011-01-01,28179,77.865,19.53,101.01
2011-01-02,3382,77.99433333333333,19.5225,101.84083333333334
2011-01-03,379,78.12366666666667,19.515,102.67166666666667
2011-01-04,48599,78.253,19.5075,103.5025
2011-01-05,38317,78.38233333333334,19.5,104.33333333333334
2011-01-06,34832,78.51166666666667,19.4925,105.16416666666667
2011-01-07,40114,78.64099999999999,19.485,105.995
2011-01-08,41727,78.77033333333333,19.477500000000003,106.82583333333334
2011-01-09,30083,78.89966666666666,19.470000000000002,107.65666666666667
2011-01-10,3437,79.029,19.462500000000002,108.48750000000001
2011-01-11,32777,79.15833333333333,19.455000000000002,109.31833333333334
2011-01-12,27915,79.28766666666667,19.4475,110.14916666666667
2012-01-01,3329,79.417,19.44,110.98
2012-01-02,34642,79.40108333333333,19.01,111.27666666666667
2012-01-03,32513,79.38516666666666,18.580000000000002,111.57333333333334
2012-01-04,31016,79.36925,18.150000000000002,111.87
2012-01-05,27785,79.35333333333334,17.72,112.16666666666667
2012-01-06,27612,79.33741666666667,17.29,112.46333333333334
2012-01-07,27941,79.3215,16.86,112.76
2012-01-08,31417,79.30558333333333,16.43,113.05666666666667
2012-01-09,34577,79.28966666666666,16.0,113.35333333333334
2012-01-10,32342,79.27375,15.57,113.65
2012-01-11,33254,79.25783333333334,15.14,113.94666666666667
2012-01-12,30227,79.24191666666667,14.709999999999999,114.24333333333334
2013-01-01,3138,79.226,14.28,114.54
2013-01-02,28432,79.40741666666666,14.624166666666666,113.86166666666668
2013-01-03,28353,79.58883333333333,14.968333333333334,113.18333333333334
2013-01-04,24185,79.77025,15.3125,112.50500000000001
2013-01-05,22265,79.95166666666667,15.656666666666666,111.82666666666667
2013-01-06,1947,80.13308333333333,16.000833333333333,111.14833333333334
2013-01-07,19643,80.31450000000001,16.345,110.47
2013-01-08,23495,80.49591666666667,16.689166666666665,109.79166666666667
2013-01-09,21708,80.67733333333334,17.03333333333333,109.11333333333334
2013-01-10,21882,80.85875,17.3775,108.435
2013-01-11,20016,81.04016666666666,17.721666666666668,107.75666666666667
2013-01-12,1937,81.22158333333334,18.065833333333334,107.07833333333333
2014-01-01,19138,81.403,18.41,106.4
2014-01-02,21241,82.53591666666668,18.623333333333335,102.02916666666667
2014-01-03,19765,83.66883333333334,18.836666666666666,97.65833333333333
2014-01-04,19174,84.80175,19.05,93.28750000000001
2014-01-05,187,85.93466666666667,19.263333333333332,88.91666666666667
2014-01-06,21056,87.06758333333335,19.476666666666667,84.54583333333333
2014-01-07,20432,88.2005,19.689999999999998,80.17500000000001
2014-01-08,19454,89.33341666666666,19.903333333333332,75.80416666666667
2014-01-09,17057,90.46633333333334,20.116666666666667,71.43333333333334
2014-01-10,16126,91.59925000000001,20.33,67.0625
2014-01-11,15547,92.73216666666667,20.543333333333333,62.69166666666667
2014-01-12,15599,93.86508333333333,20.756666666666668,58.32083333333334
2015-01-01,17228,94.998,20.97,53.95
2015-01-02,16558,95.38583333333334,20.905833333333334,52.45333333333333
2015-01-03,16619,95.77366666666667,20.841666666666665,50.95666666666667
2015-01-04,16153,96.1615,20.7775,49.46
2015-01-05,16721,96.54933333333334,20.71333333333333,47.96333333333334
2015-01-06,15581,96.93716666666667,20.649166666666666,46.46666666666667
2015-01-07,14765,97.325,20.585,44.97
2015-01-08,14581,97.71283333333334,20.520833333333332,43.473333333333336
2015-01-09,14518,98.10066666666667,20.456666666666667,41.97666666666667
2015-01-10,15584,98.4885,20.3925,40.480000000000004
2015-01-11,14072,98.87633333333333,20.328333333333333,38.983333333333334
2015-01-12,13803,99.26416666666667,20.264166666666664,37.486666666666665
2016-01-01,14255,99.652,20.2,35.99
2016-01-02,14918,99.63775,19.515833333333333,37.6225
2016-01-03,15483,99.6235,18.831666666666667,39.255
2016-01-04,17819,99.60925,18.1475,40.8875
2016-01-05,16018,99.595,17.46333333333333,42.52
2016-01-06,18623,99.58075,16.779166666666665,44.1525
2016-01-07,20393,99.56649999999999,16.095,45.785
2016-01-08,18675,99.55225,15.410833333333333,47.4175
2016-01-09,19214,99.538,14.726666666666667,49.05
2016-01-10,17835,99.52374999999999,14.0425,50.6825
2016-01-11,16454,99.5095,13.358333333333334,52.315
2016-01-12,15989,99.49525,12.674166666666666,53.9475
2017-01-01,17543,99.481,11.99,55.58
2017-01-02,18469,98.60374999999999,12.119166666666667,56.689166666666665
2017-01-03,18206,97.72649999999999,12.248333333333333,57.79833333333333
2017-01-04,17408,96.84925,12.3775,58.9075
2017-01-05,17481,95.972,12.506666666666666,60.016666666666666
2017-01-06,16654,95.09474999999999,12.635833333333332,61.12583333333333
2017-01-07,16884,94.2175,12.765,62.235
2017-01-08,17575,93.34025,12.894166666666667,63.344166666666666
2017-01-09,16847,92.463,13.023333333333333,64.45333333333333
2017-01-10,16726,91.58574999999999,13.1525,65.5625
2017-01-11,16445,90.70849999999999,13.281666666666666,66.67166666666667
2017-01-12,16923,89.83125,13.410833333333333,67.78083333333333
2018-01-01,17284,88.954,13.54,68.89
2018-01-02,16407,89.48316666666666,13.792499999999999,68.21916666666667
2018-01-03,16297,90.01233333333333,14.045,67.54833333333333
2018-01-04,16401,90.5415,14.2975,66.8775
2018-01-05,16503,91.07066666666667,14.549999999999999,66.20666666666666
2018-01-06,16041,91.59983333333334,14.8025,65.53583333333333
2018-01-07,15597,92.12899999999999,15.055,64.86500000000001
2018-01-08,14551,92.65816666666666,15.3075,64.19416666666667
2018-01-09,1429,93.18733333333333,15.56,63.52333333333333
2018-01-10,14324,93.7165,15.8125,62.852500000000006
2018-01-11,14356,94.24566666666666,16.065,62.18166666666667
2018-01-12,1526,94.77483333333333,16.3175,61.51083333333334
2019-01-01,1612,95.304,16.57,60.84
2019-01-02,15634,95.46308333333333,16.759166666666665,60.48833333333334
2019-01-03,15019,95.62216666666667,16.948333333333334,60.13666666666667
2019-01-04,14984,95.78125,17.1375,59.785000000000004
2019-01-05,1453,95.94033333333333,17.326666666666668,59.43333333333334
2019-01-06,15294,96.09941666666667,17.515833333333333,59.08166666666667
2019-01-07,16444,96.2585,17.705,58.730000000000004
2019-01-08,18274,96.41758333333333,17.894166666666667,58.37833333333333
2019-01-09,16998,96.57666666666667,18.083333333333332,58.026666666666664
2019-01-10,18124,96.73575,18.2725,57.675
2019-01-11,17009,96.89483333333332,18.461666666666666,57.32333333333333
2019-01-12,18001,97.05391666666667,18.65083333333333,56.971666666666664
2020-01-01,18032,97.213,18.84,56.62
2020-01-02,17735,96.65933333333332,20.0275,56.48833333333333
2020-01-03,1418,96.10566666666666,21.215,56.35666666666666
2020-01-04,14973,95.55199999999999,22.4025,56.224999999999994
2020-01-05,18009,94.99833333333333,23.59,56.093333333333334
2020-01-06,18637,94.44466666666666,24.7775,55.961666666666666
2020-01-07,2345,93.89099999999999,25.965000000000003,55.83
2020-01-08,2853,93.33733333333333,27.152500000000003,55.69833333333333
2020-01-09,23494,92.78366666666666,28.340000000000003,55.56666666666666
2020-01-10,23408,92.23,29.527500000000003,55.435
2020-01-11,22583,91.67633333333333,30.715000000000003,55.303333333333335
2020-01-12,26573,91.12266666666667,31.902500000000003,55.17166666666667
2021-01-01,25945,90.569,33.09,55.04
2021-01-02,27685,91.06633333333333,32.40166666666667,57.891666666666666
2021-01-03,24552,91.56366666666668,31.713333333333335,60.74333333333333
2021-01-04,26085,92.061,31.025000000000002,63.595
2021-01-05,27955,92.55833333333334,30.33666666666667,66.44666666666667
2021-01-06,26194,93.05566666666667,29.648333333333333,69.29833333333333
2021-01-07,25799,93.553,28.96,72.15
2021-01-08,23991,94.05033333333334,28.27166666666667,75.00166666666667
2021-01-09,22047,94.54766666666667,27.583333333333332,77.85333333333334
2021-01-10,24139,95.045,26.895,80.705
2021-01-11,22799,95.54233333333335,26.206666666666663,83.55666666666667
2021-01-12,2306,96.03966666666668,25.51833333333333,86.40833333333333
2022-01-01,22419,96.537,24.83,89.26
2022-01-02,24366,96.98516666666667,24.377499999999998,88.94333333333334
2022-01-03,25158,97.43333333333334,23.924999999999997,88.62666666666667
2022-01-04,23181,97.8815,23.472499999999997,88.31
2022-01-05,21737,98.32966666666667,23.02,87.99333333333334
2022-01-06,20352,98.77783333333333,22.5675,87.67666666666666
2022-01-07,19918,99.226,22.115,87.36
2022-01-08,17849,99.67416666666668,21.662499999999998,87.04333333333334
2022-01-09,18712,100.12233333333334,21.209999999999997,86.72666666666666
2022-01-10,19184,100.57050000000001,20.7575,86.41
2022-01-11,21727,101.01866666666668,20.305,86.09333333333333
2022-01-12,2425,101.46683333333334,19.8525,85.77666666666666
2023-01-01,2393,101.915,19.4,85.46
2023-01-02,21071,102.01283333333333,18.979166666666664,85.1475
2023-01-03,24076,102.11066666666667,18.558333333333334,84.835
2023-01-04,25209,102.2085,18.1375,84.5225
2023-01-05,23696,102.30633333333334,17.716666666666665,84.21
2023-01-06,22798,102.40416666666667,17.295833333333334,83.8975
2023-01-07,25092,102.50200000000001,16.875,83.585
2023-01-08,24692,102.59983333333334,16.454166666666666,83.2725
2023-01-09,22741,102.69766666666666,16.03333333333333,82.96
2023-01-10,23075,102.7955,15.612499999999999,82.6475
2023-01-11,25541,102.89333333333333,15.191666666666666,82.335
2023-01-12,24372,102.99116666666667,14.770833333333332,82.0225
2024-01-01,23282,103.089,14.35,81.71
2024-01-02,22885,103.51633333333334,14.523333333333333,81.2975
2024-01-03,24879,103.94366666666667,14.696666666666665,80.88499999999999
2024-01-04,26654,104.371,14.87,80.4725
2024-01-05,3168,104.79833333333333,15.043333333333333,80.06
2024-01-06,29256,105.22566666666667,15.216666666666667,79.6475
2024-01-07,29073,105.65299999999999,15.39,79.235
2024-01-08,29827,106.08033333333333,15.563333333333333,78.8225
2024-01-09,31458,106.50766666666667,15.736666666666666,78.41
2024-01-10,32953,106.935,15.91,77.9975
2024-01-11,30455,107.36233333333334,16.083333333333332,77.58500000000001
2024-01-12,29412,107.78966666666666,16.256666666666668,77.1725
2025-01-01,32493,108.217,16.43,76.76
2025-01-02,3211,108.217,16.43,76.76
2025-01-03,34611,108.217,16.43,76.76
2025-01-04,32828,108.217,16.43,76.76
2025-01-05,33423,108.217,16.43,76.76
2025-01-06,36172,108.217,16.43,76.76
2025-01-07,36712,108.217,16.43,76.76
2025-01-08,40662,108.217,16.43,76.76
2025-01-09,4664,108.217,16.43,76.76
2025-01-10,48616,108.217,16.43,76.76
2025-01-11,53607,108.217,16.43,76.76
2025-01-12,77919,108.217,16.43,76.76
